Date,ppt (mm),tmean (degrees C)
2021-01-01,0.00,-7.5
2021-01-02,0.00,-8.0
2021-01-03,0.00,-7.8
2021-01-04,0.00,-8.8
2021-01-05,0.00,-7.8
2021-01-06,0.45,-5.0
2021-01-07,0.00,-6.6
2021-01-08,0.00,-6.7
2021-01-09,0.00,-6.6
2021-01-10,0.00,-4.4
2021-01-11,0.00,-8.7
2021-01-12,0.00,-8.5
2021-01-13,0.00,-8.4
2021-01-14,0.00,-5.1
2021-01-15,0.00,-1.0
2021-01-16,0.00,-2.6
2021-01-17,0.00,0.3
2021-01-18,0.00,-0.1
2021-01-19,0.00,-1.3
2021-01-20,0.00,-0.7
2021-01-21,0.00,-1.6
2021-01-22,0.00,-2.0
2021-01-23,7.09,-2.4
2021-01-24,1.88,-2.5
2021-01-25,0.00,-4.9
2021-01-26,2.06,-6.7
2021-01-27,0.94,-9.1
2021-01-28,0.00,-9.7
2021-01-29,0.00,-3.8
2021-01-30,0.00,-3.3
2021-01-31,0.00,-4.0
2021-02-01,0.00,-4.4
2021-02-02,0.00,-3.0
2021-02-03,0.00,-0.4
2021-02-04,0.00,0.5
2021-02-05,0.00,-2.8
2021-02-06,0.00,-1.3
2021-02-07,0.00,1.2
2021-02-08,0.00,3.8
2021-02-09,0.00,4.8
2021-02-10,0.00,3.4
2021-02-11,0.00,3.0
2021-02-12,0.00,3.2
2021-02-13,0.48,4.8
2021-02-14,6.80,0.6
2021-02-15,0.50,-3.2
2021-02-16,0.76,-4.6
2021-02-17,0.00,-2.9
2021-02-18,0.00,-2.7
2021-02-19,0.00,-3.2
2021-02-20,0.00,-0.7
2021-02-21,0.00,-1.0
2021-02-22,0.00,-0.8
2021-02-23,0.00,2.1
2021-02-24,0.00,1.7
2021-02-25,0.00,0.1
2021-02-26,0.00,-2.1
2021-02-27,0.00,-0.0
2021-02-28,0.00,-4.7
2021-03-01,0.00,-4.2
2021-03-02,0.00,-2.0
2021-03-03,0.45,0.4
2021-03-04,0.00,2.5
2021-03-05,0.00,3.4
2021-03-06,0.00,4.6
2021-03-07,0.00,5.0
2021-03-08,0.00,6.2
2021-03-09,0.00,9.2
2021-03-10,0.00,5.4
2021-03-11,1.89,2.5
2021-03-12,1.19,-0.2
2021-03-13,2.19,-0.5
2021-03-14,0.00,-0.1
2021-03-15,2.41,4.3
2021-03-16,2.51,4.4
2021-03-17,4.21,4.0
2021-03-18,0.00,4.1
2021-03-19,0.00,6.1
2021-03-20,0.00,7.9
2021-03-21,0.00,7.0
2021-03-22,0.00,1.3
2021-03-23,0.00,3.4
2021-03-24,0.00,2.7
2021-03-25,0.00,3.9
2021-03-26,0.00,2.5
2021-03-27,0.00,1.8
2021-03-28,0.00,3.5
2021-03-29,0.00,5.9
2021-03-30,0.00,6.7
2021-03-31,0.00,-1.5
2021-04-01,0.00,1.8
2021-04-02,0.00,5.0
2021-04-03,0.00,11.0
2021-04-04,0.00,13.0
2021-04-05,0.00,15.1
2021-04-06,0.00,12.6
2021-04-07,0.00,2.9
2021-04-08,0.00,6.9
2021-04-09,0.00,9.9
2021-04-10,0.00,6.7
2021-04-11,0.00,8.4
2021-04-12,0.00,8.8
2021-04-13,0.00,9.0
2021-04-14,2.17,8.1
2021-04-15,0.29,6.0
2021-04-16,0.00,4.4
2021-04-17,0.00,3.3
2021-04-18,0.00,3.5
2021-04-19,0.00,7.2
2021-04-20,0.00,8.0
2021-04-21,0.00,4.8
2021-04-22,0.00,8.2
2021-04-23,0.00,7.0
2021-04-24,0.00,7.9
2021-04-25,0.00,10.2
2021-04-26,0.00,13.1
2021-04-27,7.64,9.0
2021-04-28,3.43,5.2
2021-04-29,0.00,10.8
2021-04-30,0.00,14.6
2021-05-01,0.00,18.2
2021-05-02,0.00,18.6
2021-05-03,0.39,13.6
2021-05-04,0.54,8.4
2021-05-05,0.00,11.1
2021-05-06,0.00,13.3
2021-05-07,0.00,16.2
2021-05-08,0.00,17.6
2021-05-09,0.00,10.0
2021-05-10,0.00,10.5
2021-05-11,0.00,7.8
2021-05-12,0.00,9.3
2021-05-13,0.00,13.5
2021-05-14,0.00,16.9
2021-05-15,0.00,17.7
2021-05-16,0.00,17.9
2021-05-17,0.00,17.5
2021-05-18,0.00,16.2
2021-05-19,0.00,16.6
2021-05-20,0.00,15.2
2021-05-21,0.00,16.9
2021-05-22,0.00,10.7
2021-05-23,0.00,10.1
2021-05-24,0.00,7.7
2021-05-25,0.00,11.1
2021-05-26,0.00,15.2
2021-05-27,0.00,15.7
2021-05-28,0.00,17.5
2021-05-29,0.00,19.5
2021-05-30,0.00,20.1
2021-05-31,0.00,18.5
2021-06-01,0.00,18.1
2021-06-02,0.00,19.7
2021-06-03,0.00,22.2
2021-06-04,0.00,23.3
2021-06-05,0.00,25.1
2021-06-06,0.00,23.9
2021-06-07,0.00,22.4
2021-06-08,0.00,21.4
2021-06-09,0.00,18.8
2021-06-10,0.00,20.7
2021-06-11,0.00,16.7
2021-06-12,0.00,17.9
2021-06-13,0.00,21.5
2021-06-14,0.00,23.0
2021-06-15,0.00,25.1
2021-06-16,0.00,25.1
2021-06-17,0.00,26.6
2021-06-18,0.00,27.9
2021-06-19,0.00,26.5
2021-06-20,0.00,24.1
2021-06-21,0.00,23.8
2021-06-22,0.00,24.5
2021-06-23,0.00,25.7
2021-06-24,0.00,22.6
2021-06-25,3.06,17.6
2021-06-26,0.89,17.8
2021-06-27,0.00,19.4
2021-06-28,0.00,21.4
2021-06-29,0.00,21.3
2021-06-30,1.62,20.0
2021-07-01,3.92,19.9
2021-07-02,0.00,21.5
2021-07-03,0.00,23.8
2021-07-04,0.00,25.9
2021-07-05,0.00,27.9
2021-07-06,0.00,25.4
2021-07-07,0.00,25.3
2021-07-08,0.00,26.7
2021-07-09,0.00,28.1
2021-07-10,0.00,28.1
2021-07-11,0.00,25.9
2021-07-12,0.00,26.4
2021-07-13,0.00,26.0
2021-07-14,0.97,25.3
2021-07-15,1.82,22.0
2021-07-16,2.13,22.6
2021-07-17,0.00,23.8
2021-07-18,0.00,25.3
2021-07-19,0.00,27.4
2021-07-20,1.33,25.5
2021-07-21,0.73,23.6
2021-07-22,0.75,24.3
2021-07-23,2.02,24.5
2021-07-24,1.57,24.3
2021-07-25,0.00,25.4
2021-07-26,0.00,24.5
2021-07-27,0.53,24.6
2021-07-28,0.30,23.0
2021-07-29,2.87,24.9
2021-07-30,9.69,24.3
2021-07-31,3.97,22.8
2021-08-01,3.46,23.3
2021-08-02,8.59,21.2
2021-08-03,0.96,20.9
2021-08-04,0.00,21.4
2021-08-05,0.00,22.6
2021-08-06,0.00,23.7
2021-08-07,0.00,22.0
2021-08-08,0.00,20.1
2021-08-09,0.00,22.3
2021-08-10,0.00,23.2
2021-08-11,0.00,22.9
2021-08-12,0.00,22.3
2021-08-13,0.00,23.1
2021-08-14,0.00,25.5
2021-08-15,0.00,25.2
2021-08-16,0.00,25.2
2021-08-17,0.00,23.1
2021-08-18,3.71,22.9
2021-08-19,29.55,18.2
2021-08-20,2.83,12.5
2021-08-21,0.57,14.9
2021-08-22,0.00,18.3
2021-08-23,0.00,19.8
2021-08-24,0.00,19.7
2021-08-25,0.33,19.5
2021-08-26,0.00,20.3
2021-08-27,0.40,20.0
2021-08-28,0.00,20.8
2021-08-29,0.00,21.0
2021-08-30,0.00,21.1
2021-08-31,0.28,22.1
2021-09-01,4.66,22.0
2021-09-02,5.89,14.5
2021-09-03,0.00,17.1
2021-09-04,0.00,18.1
2021-09-05,0.00,18.8
2021-09-06,0.00,19.8
2021-09-07,0.00,21.0
2021-09-08,0.00,21.6
2021-09-09,0.00,21.2
2021-09-10,0.00,21.8
2021-09-11,1.04,22.1
2021-09-12,4.70,18.9
2021-09-13,0.00,18.8
2021-09-14,0.00,20.6
2021-09-15,0.00,18.9
2021-09-16,0.00,19.4
2021-09-17,0.00,18.6
2021-09-18,0.00,18.7
2021-09-19,4.31,14.0
2021-09-20,0.00,16.1
2021-09-21,0.00,12.4
2021-09-22,0.00,11.6
2021-09-23,0.00,13.4
2021-09-24,0.00,15.9
2021-09-25,0.00,16.6
2021-09-26,0.00,17.1
2021-09-27,0.00,17.2
2021-09-28,0.00,18.2
2021-09-29,0.97,16.2
2021-09-30,0.00,10.3
2021-10-01,0.00,10.4
2021-10-02,0.00,13.6
2021-10-03,0.00,13.3
2021-10-04,0.00,13.6
2021-10-05,0.00,14.4
2021-10-06,4.44,13.8
2021-10-07,4.70,11.6
2021-10-08,0.35,11.5
2021-10-09,14.36,8.8
2021-10-10,2.83,7.4
2021-10-11,0.00,7.9
2021-10-12,24.68,7.7
2021-10-13,2.14,2.4
2021-10-14,0.00,3.6
2021-10-15,0.00,2.1
2021-10-16,0.00,3.1
2021-10-17,0.00,5.8
2021-10-18,0.00,6.8
2021-10-19,12.63,6.1
2021-10-20,0.00,3.0
2021-10-21,0.00,5.5
2021-10-22,0.00,7.4
2021-10-23,0.00,7.5
2021-10-24,0.00,6.9
2021-10-25,0.00,8.1
2021-10-26,1.87,9.9
2021-10-27,0.00,3.3
2021-10-28,0.00,5.4
2021-10-29,0.00,8.6
2021-10-30,0.00,7.4
2021-10-31,0.00,7.8
2021-11-01,0.00,8.3
2021-11-02,0.83,8.5
2021-11-03,0.00,7.3
2021-11-04,0.00,6.6
2021-11-05,0.00,6.1
2021-11-06,0.00,6.4
2021-11-07,0.00,6.5
2021-11-08,0.00,7.4
2021-11-09,0.00,6.9
2021-11-10,1.88,4.5
2021-11-11,1.21,4.2
2021-11-12,0.00,4.4
2021-11-13,0.00,6.7
2021-11-14,0.00,6.1
2021-11-15,0.00,6.3
2021-11-16,0.00,6.6
2021-11-17,0.00,6.9
2021-11-18,0.00,1.1
2021-11-19,0.00,0.1
2021-11-20,0.00,3.0
2021-11-21,0.00,3.3
2021-11-22,0.00,0.4
2021-11-23,0.00,0.3
2021-11-24,0.00,-0.3
2021-11-25,0.00,-1.1
2021-11-26,0.00,-2.0
2021-11-27,0.00,-0.9
2021-11-28,0.00,1.6
2021-11-29,0.00,3.0
2021-11-30,0.00,3.3
2021-12-01,0.00,4.3
2021-12-02,0.00,4.3
2021-12-03,0.00,4.7
2021-12-04,0.00,4.1
2021-12-05,0.00,3.2
2021-12-06,0.00,3.4
2021-12-07,0.00,0.5
2021-12-08,0.00,3.2
2021-12-09,0.00,1.6
2021-12-10,15.72,-0.3
2021-12-11,0.00,-8.1
2021-12-12,0.00,-8.0
2021-12-13,0.00,-6.3
2021-12-14,0.00,-4.3
2021-12-15,6.76,0.7
2021-12-16,1.01,-5.8
2021-12-17,0.00,-6.5
2021-12-18,0.00,-5.6
2021-12-19,0.00,-6.6
2021-12-20,0.00,-6.4
2021-12-21,0.00,-5.2
2021-12-22,0.00,-4.6
2021-12-23,0.00,-5.5
2021-12-24,10.96,-2.9
2021-12-25,2.83,-2.1
2021-12-26,0.00,0.4
2021-12-27,0.00,-6.4
2021-12-28,1.30,-8.0
2021-12-29,0.00,-9.1
2021-12-30,0.00,-8.3
2021-12-31,4.66,-5.0
2022-01-01,0.39,-6.0
2022-01-02,0.00,-13.2
2022-01-03,0.00,-13.3
2022-01-04,0.00,-13.6
2022-01-05,0.00,-9.0
2022-01-06,0.00,-5.4
2022-01-07,0.00,-1.6
2022-01-08,0.00,-2.5
2022-01-09,0.00,-3.5
2022-01-10,0.00,-5.6
2022-01-11,0.00,-5.7
2022-01-12,0.00,-5.9
2022-01-13,0.00,-4.4
2022-01-14,0.00,-4.1
2022-01-15,0.00,-1.5
2022-01-16,0.00,-3.7
2022-01-17,0.00,-4.7
2022-01-18,0.00,-4.4
2022-01-19,0.00,-2.4
2022-01-20,0.00,-0.1
2022-01-21,0.00,-2.4
2022-01-22,0.00,0.8
2022-01-23,0.00,-0.6
2022-01-24,0.00,-1.1
2022-01-25,0.00,1.0
2022-01-26,0.00,-2.2
2022-01-27,0.00,-3.5
2022-01-28,0.00,-4.4
2022-01-29,0.00,-5.1
2022-01-30,0.00,-4.4
2022-01-31,0.00,-3.0
2022-02-01,0.00,-3.0
2022-02-02,0.00,-5.4
2022-02-03,0.00,-7.5
2022-02-04,0.00,-7.4
2022-02-05,0.00,-6.3
2022-02-06,0.00,-3.7
2022-02-07,0.00,-1.4
2022-02-08,0.00,-1.5
2022-02-09,0.00,1.3
2022-02-10,0.00,3.8
2022-02-11,0.00,5.1
2022-02-12,0.00,4.2
2022-02-13,0.00,-0.3
2022-02-14,0.00,0.4
2022-02-15,0.00,0.2
2022-02-16,0.00,1.5
2022-02-17,0.00,-1.1
2022-02-18,0.00,-0.7
2022-02-19,0.00,0.6
2022-02-20,0.00,0.2
2022-02-21,0.19,-0.5
2022-02-22,2.48,-1.4
2022-02-23,6.34,-4.7
2022-02-24,1.43,-9.6
2022-02-25,0.00,-10.9
2022-02-26,0.00,-10.6
2022-02-27,0.00,-11.4
2022-02-28,0.00,-9.0
2022-03-01,0.00,-3.6
2022-03-02,0.00,-0.2
2022-03-03,0.00,4.7
2022-03-04,0.00,5.8
2022-03-05,3.49,4.8
2022-03-06,7.38,0.8
2022-03-07,0.00,-1.1
2022-03-08,0.00,-3.3
2022-03-09,0.00,-2.0
2022-03-10,0.00,-1.1
2022-03-11,0.00,-4.9
2022-03-12,0.00,-2.5
2022-03-13,0.00,0.6
2022-03-14,0.00,1.6
2022-03-15,0.00,2.5
2022-03-16,0.00,3.8
2022-03-17,1.30,5.2
2022-03-18,0.00,3.0
2022-03-19,0.00,3.5
2022-03-20,0.00,3.8
2022-03-21,0.00,5.9
2022-03-22,0.00,3.9
2022-03-23,0.00,3.0
2022-03-24,0.00,4.8
2022-03-25,0.00,8.1
2022-03-26,0.00,10.4
2022-03-27,0.00,11.5
2022-03-28,0.00,12.3
2022-03-29,0.68,10.0
2022-03-30,0.00,7.5
2022-03-31,0.00,6.9
2022-04-01,0.00,6.2
2022-04-02,0.00,6.9
2022-04-03,0.00,8.3
2022-04-04,0.00,7.6
2022-04-05,0.00,8.4
2022-04-06,0.00,5.6
2022-04-07,0.00,4.2
2022-04-08,0.00,7.2
2022-04-09,0.00,9.0
2022-04-10,0.00,10.4
2022-04-11,0.00,2.0
2022-04-12,0.00,6.4
2022-04-13,0.00,-3.2
2022-04-14,0.00,-2.7
2022-04-15,0.00,2.1
2022-04-16,0.00,8.3
2022-04-17,0.00,8.2
2022-04-18,0.00,8.9
2022-04-19,0.00,10.9
2022-04-20,0.00,13.0
2022-04-21,0.00,10.8
2022-04-22,0.00,12.3
2022-04-23,6.29,8.1
2022-04-24,0.00,4.8
2022-04-25,0.00,3.7
2022-04-26,0.00,5.8
2022-04-27,0.00,10.0
2022-04-28,0.00,13.6
2022-04-29,0.00,12.6
2022-04-30,0.00,6.1
2022-05-01,0.00,8.2
2022-05-02,0.00,9.6
2022-05-03,0.00,11.5
2022-05-04,0.00,5.0
2022-05-05,0.00,7.0
2022-05-06,0.00,10.1
2022-05-07,0.00,14.4
2022-05-08,0.00,14.6
2022-05-09,0.00,11.7
2022-05-10,0.00,6.8
2022-05-11,0.00,9.6
2022-05-12,0.00,11.0
2022-05-13,0.00,6.0
2022-05-14,0.00,9.7
2022-05-15,0.00,14.1
2022-05-16,0.00,17.2
2022-05-17,0.00,19.1
2022-05-18,0.00,17.6
2022-05-19,0.00,17.0
2022-05-20,0.00,15.2
2022-05-21,0.00,5.2
2022-05-22,0.00,6.6
2022-05-23,0.00,9.9
2022-05-24,0.00,10.1
2022-05-25,0.00,12.1
2022-05-26,0.00,15.8
2022-05-27,0.00,20.3
2022-05-28,0.00,19.6
2022-05-29,0.00,15.2
2022-05-30,0.00,9.4
2022-05-31,0.00,7.5
2022-06-01,0.00,9.9
2022-06-02,0.00,13.3
2022-06-03,0.00,16.0
2022-06-04,0.00,17.5
2022-06-05,0.00,17.9
2022-06-06,0.00,19.4
2022-06-07,0.00,17.3
2022-06-08,0.00,18.2
2022-06-09,0.00,21.0
2022-06-10,0.00,21.9
2022-06-11,0.00,22.7
2022-06-12,0.00,23.5
2022-06-13,0.00,23.2
2022-06-14,0.00,16.7
2022-06-15,0.00,12.9
2022-06-16,0.00,15.7
2022-06-17,0.00,19.5
2022-06-18,0.00,22.1
2022-06-19,3.18,20.1
2022-06-20,1.91,15.4
2022-06-21,0.00,14.0
2022-06-22,0.00,17.9
2022-06-23,0.00,19.1
2022-06-24,0.00,18.2
2022-06-25,0.00,19.2
2022-06-26,1.29,20.4
2022-06-27,0.00,20.0
2022-06-28,0.00,20.0
2022-06-29,0.00,21.4
2022-06-30,1.15,22.2
2022-07-01,0.00,20.2
2022-07-02,1.31,21.1
2022-07-03,1.10,22.0
2022-07-04,0.00,23.0
2022-07-05,1.08,22.9
2022-07-06,0.00,22.6
2022-07-07,1.20,20.7
2022-07-08,0.00,20.2
2022-07-09,0.00,22.8
2022-07-10,0.00,24.7
2022-07-11,0.00,24.3
2022-07-12,0.42,24.0
2022-07-13,0.00,23.3
2022-07-14,0.00,24.7
2022-07-15,0.49,24.1
2022-07-16,0.44,20.0
2022-07-17,0.00,23.3
2022-07-18,2.34,25.0
2022-07-19,0.00,24.5
2022-07-20,0.00,24.3
2022-07-21,0.00,24.2
2022-07-22,0.00,24.4
2022-07-23,0.00,25.3
2022-07-24,0.00,25.6
2022-07-25,1.41,18.7
2022-07-26,0.00,21.8
2022-07-27,0.00,24.0
2022-07-28,0.00,23.5
2022-07-29,0.00,19.7
2022-07-30,0.00,21.1
2022-07-31,0.00,21.3
2022-08-01,0.00,22.4
2022-08-02,1.63,21.8
2022-08-03,0.00,21.4
2022-08-04,0.00,23.4
2022-08-05,0.00,24.1
2022-08-06,0.00,24.1
2022-08-07,0.00,22.5
2022-08-08,0.00,22.4
2022-08-09,0.00,21.8
2022-08-10,0.00,23.1
2022-08-11,0.00,25.8
2022-08-12,0.60,24.8
2022-08-13,0.50,23.7
2022-08-14,2.34,23.4
2022-08-15,0.31,22.3
2022-08-16,0.38,20.5
2022-08-17,0.00,21.9
2022-08-18,0.00,21.5
2022-08-19,4.96,21.8
2022-08-20,0.45,18.7
2022-08-21,7.87,18.5
2022-08-22,0.00,18.5
2022-08-23,0.00,20.6
2022-08-24,0.00,22.3
2022-08-25,0.00,22.4
2022-08-26,0.00,21.1
2022-08-27,3.13,19.7
2022-08-28,2.17,19.4
2022-08-29,0.00,20.6
2022-08-30,0.00,21.4
2022-08-31,0.00,22.8
2022-09-01,0.00,23.4
2022-09-02,0.00,23.8
2022-09-03,0.00,24.2
2022-09-04,0.00,23.8
2022-09-05,0.00,23.5
2022-09-06,0.00,24.9
2022-09-07,0.00,24.3
2022-09-08,0.00,24.3
2022-09-09,0.00,23.1
2022-09-10,0.00,20.6
2022-09-11,0.00,17.4
2022-09-12,0.00,17.6
2022-09-13,0.31,18.6
2022-09-14,3.79,16.0
2022-09-15,10.85,14.8
2022-09-16,9.65,15.8
2022-09-17,0.00,15.6
2022-09-18,1.82,14.8
2022-09-19,0.00,15.5
2022-09-20,0.00,16.1
2022-09-21,0.84,16.1
2022-09-22,12.77,13.6
2022-09-23,1.55,14.2
2022-09-24,0.00,13.6
2022-09-25,0.00,14.8
2022-09-26,0.00,15.6
2022-09-27,0.00,16.4
2022-09-28,0.40,16.2
2022-09-29,0.00,17.6
2022-09-30,1.83,15.8
2022-10-01,6.58,13.0
2022-10-02,2.35,12.5
2022-10-03,0.52,12.3
2022-10-04,0.00,12.4
2022-10-05,0.00,13.7
2022-10-06,0.00,12.8
2022-10-07,0.00,12.8
2022-10-08,0.00,13.4
2022-10-09,0.00,13.4
2022-10-10,0.00,13.0
2022-10-11,0.00,12.7
2022-10-12,0.00,12.4
2022-10-13,0.00,14.0
2022-10-14,0.00,12.6
2022-10-15,0.00,11.5
2022-10-16,0.00,11.4
2022-10-17,0.00,10.7
2022-10-18,0.00,10.7
2022-10-19,0.00,11.6
2022-10-20,0.00,11.4
2022-10-21,0.00,10.8
2022-10-22,0.00,10.2
2022-10-23,2.98,9.3
2022-10-24,0.65,1.6
2022-10-25,0.00,0.8
2022-10-26,0.00,0.6
2022-10-27,3.52,1.4
2022-10-28,0.00,1.2
2022-10-29,0.00,1.3
2022-10-30,0.00,2.1
2022-10-31,0.00,5.5
2022-11-01,0.00,4.5
2022-11-02,0.00,3.5
2022-11-03,0.58,5.2
2022-11-04,0.00,2.0
2022-11-05,0.00,0.8
2022-11-06,0.00,2.9
2022-11-07,0.00,5.5
2022-11-08,0.00,8.4
2022-11-09,3.05,11.1
2022-11-10,1.44,2.4
2022-11-11,0.00,-2.5
2022-11-12,0.00,-3.6
2022-11-13,0.00,-3.5
2022-11-14,0.00,-1.5
2022-11-15,0.00,-0.6
2022-11-16,0.00,-3.9
2022-11-17,0.00,-3.8
2022-11-18,0.00,-3.3
2022-11-19,0.00,-3.9
2022-11-20,0.00,-4.2
2022-11-21,0.00,-4.2
2022-11-22,0.00,-3.9
2022-11-23,0.00,-3.1
2022-11-24,0.00,-2.1
2022-11-25,0.00,-0.1
2022-11-26,0.00,-0.2
2022-11-27,0.00,-2.7
2022-11-28,0.00,-2.6
2022-11-29,0.00,-2.7
2022-11-30,0.00,-7.7
2022-12-01,0.00,-6.4
2022-12-02,0.00,-5.3
2022-12-03,0.00,-3.7
2022-12-04,0.98,-3.2
2022-12-05,0.00,0.5
2022-12-06,0.00,0.3
2022-12-07,0.00,-2.4
2022-12-08,0.45,-3.7
2022-12-09,0.00,-2.9
2022-12-10,0.00,-1.8
2022-12-11,0.00,-1.2
2022-12-12,3.89,-2.3
2022-12-13,0.93,-8.5
2022-12-14,0.00,-7.2
2022-12-15,0.00,-5.6
2022-12-16,0.00,-6.5
2022-12-17,0.00,-10.5
2022-12-18,0.00,-11.4
2022-12-19,0.00,-10.9
2022-12-20,0.00,-9.7
2022-12-21,0.00,-8.8
2022-12-22,0.00,-6.4
2022-12-23,0.00,-0.3
2022-12-24,0.00,-2.9
2022-12-25,0.00,-1.6
2022-12-26,0.00,-0.9
2022-12-27,0.00,-1.7
2022-12-28,9.50,-3.4
2022-12-29,0.00,-3.2
2022-12-30,0.00,-7.1
2022-12-31,3.18,-3.5
2023-01-01,7.73,-0.6
2023-01-02,16.55,1.2
2023-01-03,1.27,-1.6
2023-01-04,0.00,-5.1
2023-01-05,0.00,-5.5
2023-01-06,7.54,-2.4
2023-01-07,0.00,-7.0
2023-01-08,0.00,-8.2
2023-01-09,0.00,-1.5
2023-01-10,12.48,-0.6
2023-01-11,10.83,0.7
2023-01-12,0.00,-3.9
2023-01-13,0.00,-5.4
2023-01-14,0.00,-5.2
2023-01-15,4.67,-4.9
2023-01-16,11.19,-3.9
2023-01-17,7.16,-4.1
2023-01-18,0.58,-3.1
2023-01-19,0.00,-10.1
2023-01-20,0.46,-12.5
2023-01-21,0.00,-5.1
2023-01-22,0.00,-10.5
2023-01-23,0.46,-11.0
2023-01-24,0.00,-5.1
2023-01-25,0.00,-5.3
2023-01-26,0.00,-9.2
2023-01-27,0.00,-10.6
2023-01-28,0.00,-7.8
2023-01-29,0.00,-6.8
2023-01-30,1.97,-8.0
2023-01-31,0.00,-8.3
2023-02-01,0.00,-13.8
2023-02-02,0.00,-12.5
2023-02-03,0.00,-9.6
2023-02-04,0.00,-9.1
2023-02-05,0.00,-7.6
2023-02-06,0.00,-6.3
2023-02-07,0.00,-3.9
2023-02-08,0.00,-6.5
2023-02-09,0.00,-5.0
2023-02-10,0.00,-8.8
2023-02-11,0.00,-8.7
2023-02-12,0.00,-7.9
2023-02-13,0.00,-6.3
2023-02-14,0.00,-5.2
2023-02-15,0.00,-4.8
2023-02-16,0.00,-11.7
2023-02-17,0.00,-12.3
2023-02-18,0.00,-11.8
2023-02-19,0.00,-9.2
2023-02-20,0.00,-6.8
2023-02-21,0.00,-3.9
2023-02-22,1.09,-4.0
2023-02-23,0.00,-7.5
2023-02-24,2.52,-11.0
2023-02-25,0.00,-6.3
2023-02-26,0.00,-5.1
2023-02-27,0.00,-2.8
2023-02-28,0.73,-1.5
2023-03-01,1.10,-3.1
2023-03-02,3.12,-5.4
2023-03-03,0.00,-5.1
2023-03-04,0.00,-4.2
2023-03-05,0.00,-4.9
2023-03-06,0.00,-2.9
2023-03-07,0.00,-1.9
2023-03-08,0.00,-2.2
2023-03-09,0.00,-2.7
2023-03-10,2.11,-1.0
2023-03-11,4.47,0.6
2023-03-12,0.00,2.6
2023-03-13,1.48,0.5
2023-03-14,0.00,0.5
2023-03-15,3.77,2.4
2023-03-16,4.68,2.3
2023-03-17,0.00,-1.0
2023-03-18,0.00,-2.1
2023-03-19,0.00,-0.7
2023-03-20,5.69,-0.3
2023-03-21,2.63,0.5
2023-03-22,6.97,0.0
2023-03-23,1.82,2.7
2023-03-24,0.95,1.4
2023-03-25,0.66,-1.1
2023-03-26,0.00,-4.5
2023-03-27,0.00,-5.3
2023-03-28,0.00,-2.8
2023-03-29,0.00,-0.6
2023-03-30,0.39,5.4
2023-03-31,1.41,0.4
2023-04-01,0.00,1.4
2023-04-02,0.00,4.9
2023-04-03,0.00,8.6
2023-04-04,0.00,5.5
2023-04-05,0.00,-2.6
2023-04-06,0.00,-3.5
2023-04-07,0.00,-0.9
2023-04-08,0.00,3.7
2023-04-09,0.00,8.7
2023-04-10,0.00,10.1
2023-04-11,0.00,11.5
2023-04-12,0.00,13.4
2023-04-13,0.00,14.1
2023-04-14,0.00,9.0
2023-04-15,0.00,2.7
2023-04-16,0.00,5.0
2023-04-17,0.00,7.7
2023-04-18,0.00,10.5
2023-04-19,0.00,8.6
2023-04-20,0.00,-0.5
2023-04-21,0.00,0.3
2023-04-22,0.00,6.3
2023-04-23,0.00,4.3
2023-04-24,0.00,7.0
2023-04-25,0.00,8.6
2023-04-26,0.00,4.7
2023-04-27,0.00,10.3
2023-04-28,0.00,10.8
2023-04-29,0.00,9.9
2023-04-30,0.00,13.5
2023-05-01,0.00,16.9
2023-05-02,0.00,17.3
2023-05-03,0.00,13.6
2023-05-04,0.42,14.8
2023-05-05,0.00,12.5
2023-05-06,0.00,7.2
2023-05-07,0.00,8.5
2023-05-08,0.00,9.4
2023-05-09,0.00,12.2
2023-05-10,0.00,13.7
2023-05-11,0.00,13.6
2023-05-12,0.00,13.1
2023-05-13,0.00,14.9
2023-05-14,4.65,14.8
2023-05-15,4.67,13.1
2023-05-16,0.00,15.0
2023-05-17,0.00,16.3
2023-05-18,0.00,16.7
2023-05-19,0.67,16.9
2023-05-20,0.00,16.3
2023-05-21,0.00,16.0
2023-05-22,0.00,17.0
2023-05-23,1.25,16.8
2023-05-24,3.19,15.5
2023-05-25,0.00,17.4
2023-05-26,0.00,17.9
2023-05-27,0.00,17.0
2023-05-28,0.00,15.9
2023-05-29,0.00,16.7
2023-05-30,0.00,17.6
2023-05-31,0.00,17.3
2023-06-01,0.00,18.5
2023-06-02,0.00,17.6
2023-06-03,1.51,13.0
2023-06-04,0.00,14.6
2023-06-05,0.00,16.1
2023-06-06,0.00,19.2
2023-06-07,2.10,18.4
2023-06-08,0.00,16.2
2023-06-09,0.00,16.9
2023-06-10,0.00,16.8
2023-06-11,0.00,18.0
2023-06-12,0.00,19.5
2023-06-13,0.46,16.0
2023-06-14,0.00,16.3
2023-06-15,4.09,16.9
2023-06-16,7.88,12.8
2023-06-17,0.00,13.5
2023-06-18,0.00,16.7
2023-06-19,0.00,20.0
2023-06-20,0.00,22.8
2023-06-21,0.00,18.8
2023-06-22,0.00,19.3
2023-06-23,0.00,18.6
2023-06-24,0.00,16.1
2023-06-25,0.00,17.8
2023-06-26,0.00,19.3
2023-06-27,0.00,20.9
2023-06-28,0.00,19.5
2023-06-29,0.00,20.9
2023-06-30,0.94,19.1
2023-07-01,0.00,20.1
2023-07-02,0.00,22.1
2023-07-03,0.00,22.8
2023-07-04,0.00,23.8
2023-07-05,0.00,22.8
2023-07-06,0.00,22.6
2023-07-07,0.00,23.1
2023-07-08,0.00,23.5
2023-07-09,0.00,22.8
2023-07-10,0.00,23.8
2023-07-11,0.00,20.8
2023-07-12,0.00,23.1
2023-07-13,0.00,24.7
2023-07-14,0.00,23.9
2023-07-15,0.00,23.7
2023-07-16,0.00,22.0
2023-07-17,0.00,25.2
2023-07-18,0.00,26.9
2023-07-19,2.46,25.0
2023-07-20,2.57,23.3
2023-07-21,0.00,22.6
2023-07-22,0.00,24.3
2023-07-23,0.00,25.7
2023-07-24,0.00,26.5
2023-07-25,0.87,25.1
2023-07-26,1.03,23.7
2023-07-27,1.05,23.5
2023-07-28,1.02,24.4
2023-07-29,0.00,26.0
2023-07-30,0.00,27.3
2023-07-31,3.44,26.7
2023-08-01,3.30,22.9
2023-08-02,6.33,20.9
2023-08-03,10.65,21.4
2023-08-04,1.00,20.0
2023-08-05,0.81,21.1
2023-08-06,0.00,22.6
2023-08-07,0.00,22.5
2023-08-08,0.00,22.2
2023-08-09,0.00,20.2
2023-08-10,0.21,21.5
2023-08-11,0.00,23.1
2023-08-12,0.47,22.0
2023-08-13,0.00,22.6
2023-08-14,0.00,23.8
2023-08-15,0.00,24.3
2023-08-16,3.17,24.6
2023-08-17,0.79,24.4
2023-08-18,8.23,23.5
2023-08-19,7.75,21.2
2023-08-20,0.00,22.3
2023-08-21,0.00,24.2
2023-08-22,3.11,21.1
2023-08-23,7.47,20.7
2023-08-24,1.55,20.1
2023-08-25,1.91,19.1
2023-08-26,0.00,21.5
2023-08-27,0.61,21.5
2023-08-28,0.00,22.1
2023-08-29,0.00,22.5
2023-08-30,0.00,22.8
2023-08-31,0.00,21.7
2023-09-01,0.00,22.4
2023-09-02,6.25,17.5
2023-09-03,0.21,19.4
2023-09-04,4.31,19.9
2023-09-05,0.00,13.9
2023-09-06,0.00,16.8
2023-09-07,0.00,18.9
2023-09-08,0.00,19.3
2023-09-09,0.00,20.0
2023-09-10,0.00,21.5
2023-09-11,0.00,17.8
2023-09-12,0.00,18.6
2023-09-13,0.00,18.6
2023-09-14,0.00,16.6
2023-09-15,0.00,15.8
2023-09-16,0.00,15.7
2023-09-17,0.00,16.5
2023-09-18,0.00,17.6
2023-09-19,1.96,15.5
2023-09-20,0.00,16.9
2023-09-21,0.00,16.2
2023-09-22,0.00,14.6
2023-09-23,0.00,12.8
2023-09-24,0.00,12.7
2023-09-25,0.00,14.6
2023-09-26,0.00,16.0
2023-09-27,0.00,16.6
2023-09-28,0.00,17.3
2023-09-29,0.00,16.9
2023-09-30,0.00,16.3
2023-10-01,4.83,14.2
2023-10-02,2.93,11.6
2023-10-03,1.76,8.4
2023-10-04,0.00,8.0
2023-10-05,0.00,10.4
2023-10-06,0.00,12.4
2023-10-07,0.00,12.9
2023-10-08,0.00,13.6
2023-10-09,0.00,14.2
2023-10-10,0.00,13.8
2023-10-11,0.00,15.0
2023-10-12,0.42,8.9
2023-10-13,0.00,6.6
2023-10-14,0.00,6.5
2023-10-15,0.00,7.4
2023-10-16,0.00,10.0
2023-10-17,0.00,12.1
2023-10-18,0.00,12.6
2023-10-19,0.00,15.0
2023-10-20,0.00,14.1
2023-10-21,0.00,13.3
2023-10-22,0.00,13.2
2023-10-23,0.00,12.9
2023-10-24,0.00,11.7
2023-10-25,0.00,10.0
2023-10-26,0.00,9.5
2023-10-27,0.00,2.1
2023-10-28,0.00,2.6
2023-10-29,0.00,4.0
2023-10-30,0.00,-2.5
2023-10-31,0.00,-1.5
2023-11-01,0.00,0.9
2023-11-02,0.00,2.1
2023-11-03,0.00,4.5
2023-11-04,0.00,7.9
2023-11-05,0.00,7.9
2023-11-06,0.00,7.3
2023-11-07,0.00,9.1
2023-11-08,0.00,9.1
2023-11-09,0.00,2.1
2023-11-10,0.00,1.0
2023-11-11,0.00,0.1
2023-11-12,0.00,0.7
2023-11-13,0.00,2.8
2023-11-14,0.00,2.1
2023-11-15,0.00,4.5
2023-11-16,0.82,5.3
2023-11-17,0.00,6.2
2023-11-18,0.00,5.7
2023-11-19,0.00,4.1
2023-11-20,0.00,5.7
2023-11-21,0.00,2.0
2023-11-22,0.00,1.4
2023-11-23,0.00,1.4
2023-11-24,1.04,0.1
2023-11-25,6.64,-2.6
2023-11-26,0.00,-5.4
2023-11-27,0.00,-5.7
2023-11-28,0.00,-6.1
2023-11-29,0.00,-5.0
2023-11-30,0.00,-4.8
2023-12-01,0.00,-0.2
2023-12-02,0.00,-1.1
2023-12-03,0.00,-1.4
2023-12-04,0.00,2.5
2023-12-05,0.00,4.6
2023-12-06,0.00,3.6
2023-12-07,0.00,2.2
2023-12-08,0.00,2.1
2023-12-09,0.00,-2.4
2023-12-10,0.00,-4.0
2023-12-11,0.00,-4.2
2023-12-12,0.00,-3.5
2023-12-13,0.00,-0.0
2023-12-14,0.00,2.2
2023-12-15,0.00,1.2
2023-12-16,0.00,0.0
2023-12-17,0.00,-1.0
2023-12-18,0.00,-1.3
2023-12-19,0.00,-1.3
2023-12-20,0.00,-0.2
2023-12-21,0.00,1.2
2023-12-22,0.00,1.8
2023-12-23,1.90,3.4
2023-12-24,0.00,0.4
2023-12-25,0.00,-6.2
2023-12-26,0.00,-6.4
2023-12-27,0.00,-6.3
2023-12-28,0.00,-4.4
2023-12-29,0.00,-1.9
2023-12-30,0.00,-1.6
2023-12-31,0.00,-3.2
2024-01-01,0.00,-1.4
2024-01-02,0.00,-2.3
2024-01-03,0.00,-2.3
2024-01-04,0.00,-4.3
2024-01-05,0.00,-0.1
2024-01-06,0.00,-2.4
2024-01-07,2.35,-5.0
2024-01-08,0.54,-3.5
2024-01-09,0.00,-7.2
2024-01-10,0.29,-8.7
2024-01-11,1.06,-7.2
2024-01-12,0.00,-9.6
2024-01-13,0.00,-7.3
2024-01-14,0.28,-0.6
2024-01-15,0.00,0.5
2024-01-16,0.00,-2.4
2024-01-17,0.00,-4.1
2024-01-18,0.76,-3.8
2024-01-19,0.00,-0.2
2024-01-20,1.35,0.8
2024-01-21,0.00,-0.5
2024-01-22,3.18,0.9
2024-01-23,1.63,1.8
2024-01-24,0.00,3.1
2024-01-25,0.00,3.8
2024-01-26,0.66,1.2
2024-01-27,0.00,0.7
2024-01-28,0.00,1.4
2024-01-29,0.00,2.7
2024-01-30,0.00,4.9
2024-01-31,0.00,4.3
2024-02-01,0.00,3.9
2024-02-02,6.08,3.1
2024-02-03,7.07,0.4
2024-02-04,0.00,0.9
2024-02-05,1.41,-1.0
2024-02-06,0.00,1.6
2024-02-07,8.86,1.9
2024-02-08,5.31,2.5
2024-02-09,0.39,0.1
2024-02-10,3.17,-3.6
2024-02-11,0.00,-5.1
2024-02-12,0.00,-3.1
2024-02-13,0.00,-1.4
2024-02-14,0.00,-0.7
2024-02-15,0.00,1.9
2024-02-16,0.00,3.1
2024-02-17,0.00,2.4
2024-02-18,0.00,0.7
2024-02-19,0.00,0.3
2024-02-20,0.44,1.8
2024-02-21,4.11,3.5
2024-02-22,0.00,3.7
2024-02-23,0.00,2.0
2024-02-24,0.00,2.8
2024-02-25,0.00,2.3
2024-02-26,0.00,4.3
2024-02-27,0.00,6.7
2024-02-28,0.00,-4.8
2024-02-29,0.00,-2.2
2024-03-01,0.00,0.6
2024-03-02,0.00,4.0
2024-03-03,5.63,3.0
2024-03-04,6.25,-0.6
2024-03-05,0.29,-1.0
2024-03-06,0.00,2.2
2024-03-07,0.27,3.0
2024-03-08,0.00,3.7
2024-03-09,0.00,0.7
2024-03-10,0.00,1.2
2024-03-11,0.00,2.4
2024-03-12,0.00,5.7
2024-03-13,1.34,5.6
2024-03-14,0.91,2.5
2024-03-15,0.71,2.0
2024-03-16,0.57,4.7
2024-03-17,0.67,5.1
2024-03-18,0.00,6.9
2024-03-19,0.00,6.5
2024-03-20,0.00,7.2
2024-03-21,0.00,7.8
2024-03-22,0.00,8.1
2024-03-23,0.00,8.0
2024-03-24,0.00,6.7
2024-03-25,0.00,4.5
2024-03-26,0.00,1.8
2024-03-27,0.00,0.9
2024-03-28,0.00,2.3
2024-03-29,7.48,4.1
2024-03-30,2.20,4.8
2024-03-31,0.00,6.3
2024-04-01,0.00,5.7
2024-04-02,0.00,5.1
2024-04-03,0.00,7.5
2024-04-04,0.00,9.6
2024-04-05,0.00,10.7
2024-04-06,0.00,6.6
2024-04-07,0.00,0.2
2024-04-08,0.00,1.7
2024-04-09,0.00,3.9
2024-04-10,0.00,6.1
2024-04-11,0.00,8.7
2024-04-12,0.00,10.4
2024-04-13,0.00,12.4
2024-04-14,0.00,11.9
2024-04-15,0.00,10.9
2024-04-16,0.42,7.6
2024-04-17,0.00,11.3
2024-04-18,0.00,12.2
2024-04-19,0.00,11.6
2024-04-20,0.00,11.6
2024-04-21,0.00,11.6
2024-04-22,0.00,13.8
2024-04-23,0.00,15.6
2024-04-24,0.00,15.9
2024-04-25,0.00,15.4
2024-04-26,0.00,12.4
2024-04-27,4.95,9.2
2024-04-28,5.13,8.1
2024-04-29,0.00,8.9
2024-04-30,0.00,10.7
2024-05-01,0.00,12.9
2024-05-02,0.00,6.6
2024-05-03,0.00,8.6
2024-05-04,0.00,7.6
2024-05-05,0.00,12.0
2024-05-06,0.00,10.1
2024-05-07,0.00,6.1
2024-05-08,0.00,4.1
2024-05-09,0.00,5.7
2024-05-10,0.00,8.7
2024-05-11,0.00,8.7
2024-05-12,0.00,11.2
2024-05-13,0.00,13.7
2024-05-14,0.00,17.3
2024-05-15,0.00,16.1
2024-05-16,0.00,13.8
2024-05-17,0.00,15.5
2024-05-18,0.00,17.5
2024-05-19,0.00,18.3
2024-05-20,0.00,17.7
2024-05-21,0.00,11.8
2024-05-22,0.00,8.3
2024-05-23,0.00,12.8
2024-05-24,0.00,8.8
2024-05-25,1.82,11.9
2024-05-26,5.08,8.5
2024-05-27,0.00,12.9
2024-05-28,0.00,16.8
2024-05-29,0.00,17.6
2024-05-30,0.00,19.2
2024-05-31,0.00,17.4
2024-06-01,0.00,16.9
2024-06-02,0.00,19.8
2024-06-03,0.00,18.9
2024-06-04,0.00,18.3
2024-06-05,0.00,18.0
2024-06-06,0.00,21.5
2024-06-07,0.00,25.0
2024-06-08,0.85,23.0
2024-06-09,0.00,22.9
2024-06-10,0.00,23.1
2024-06-11,0.00,22.5
2024-06-12,0.00,23.0
2024-06-13,0.00,24.6
2024-06-14,0.00,25.8
2024-06-15,0.00,21.9
2024-06-16,0.00,23.0
2024-06-17,0.00,24.1
2024-06-18,0.00,18.9
2024-06-19,0.00,14.4
2024-06-20,0.00,20.0
2024-06-21,0.43,24.3
2024-06-22,1.17,19.8
2024-06-23,0.00,22.8
2024-06-24,0.00,25.0
2024-06-25,0.00,25.4
2024-06-26,0.00,26.6
2024-06-27,7.02,25.0
2024-06-28,13.65,21.0
2024-06-29,0.00,21.7
2024-06-30,0.00,23.9
2024-07-01,0.00,24.8
2024-07-02,0.00,23.7
2024-07-03,0.00,20.4
2024-07-04,0.00,21.5
2024-07-05,0.00,21.1
2024-07-06,0.00,22.2
2024-07-07,0.00,21.9
2024-07-08,0.00,23.1
2024-07-09,0.00,23.6
2024-07-10,0.00,24.8
2024-07-11,0.00,26.2
2024-07-12,0.00,27.1
2024-07-13,0.00,28.0
2024-07-14,0.00,28.1
2024-07-15,0.96,25.9
2024-07-16,0.00,25.4
2024-07-17,1.38,24.0
2024-07-18,0.00,25.2
2024-07-19,0.00,25.0
2024-07-20,0.00,25.2
2024-07-21,0.00,25.2
2024-07-22,0.00,25.8
2024-07-23,0.00,24.1
2024-07-24,0.00,25.0
2024-07-25,0.00,27.9
2024-07-26,1.75,25.7
2024-07-27,0.00,24.5
2024-07-28,0.44,24.1
2024-07-29,0.00,22.7
2024-07-30,0.00,22.8
2024-07-31,0.00,22.9
2024-08-01,0.00,24.4
2024-08-02,0.00,27.0
2024-08-03,0.00,27.3
2024-08-04,0.00,27.0
2024-08-05,0.69,24.4
2024-08-06,0.57,25.2
2024-08-07,0.00,27.0
2024-08-08,0.00,27.0
2024-08-09,0.35,24.1
2024-08-10,1.19,22.6
2024-08-11,5.87,23.2
2024-08-12,8.14,21.9
2024-08-13,2.35,20.2
2024-08-14,7.94,17.6
2024-08-15,0.00,20.5
2024-08-16,0.00,21.9
2024-08-17,0.00,23.3
2024-08-18,11.20,21.3
2024-08-19,3.74,19.4
2024-08-20,1.51,21.4
2024-08-21,0.57,22.7
2024-08-22,1.15,22.7
2024-08-23,1.03,19.2
2024-08-24,3.56,18.4
2024-08-25,0.72,20.5
2024-08-26,0.92,18.3
2024-08-27,0.00,18.3
2024-08-28,0.00,19.5
2024-08-29,0.00,21.3
2024-08-30,0.00,20.3
2024-08-31,0.00,20.9
2024-09-01,0.00,21.2
2024-09-02,0.00,22.1
2024-09-03,0.00,21.7
2024-09-04,1.62,21.7
2024-09-05,0.00,21.8
2024-09-06,0.00,20.0
2024-09-07,0.00,20.1
2024-09-08,0.00,21.2
2024-09-09,0.00,21.2
2024-09-10,1.06,19.8
2024-09-11,0.00,19.8
2024-09-12,0.00,20.4
2024-09-13,0.00,15.8
2024-09-14,0.00,15.6
2024-09-15,0.00,17.6
2024-09-16,0.00,19.0
2024-09-17,0.00,18.1
2024-09-18,1.17,13.7
2024-09-19,0.00,14.0
2024-09-20,0.00,15.3
2024-09-21,0.00,16.8
2024-09-22,0.00,16.0
2024-09-23,0.00,15.8
2024-09-24,0.00,16.5
2024-09-25,0.00,18.2
2024-09-26,0.00,18.7
2024-09-27,0.00,20.5
2024-09-28,0.00,20.8
2024-09-29,0.00,20.4
2024-09-30,0.00,20.0
2024-10-01,0.00,19.1
2024-10-02,0.00,18.7
2024-10-03,0.00,18.8
2024-10-04,0.00,18.9
2024-10-05,0.00,18.4
2024-10-06,0.00,18.0
2024-10-07,0.00,17.9
2024-10-08,0.00,17.6
2024-10-09,0.00,16.6
2024-10-10,0.00,17.5
2024-10-11,0.00,17.3
2024-10-12,0.00,18.5
2024-10-13,0.00,17.3
2024-10-14,0.00,17.0
2024-10-15,0.61,14.7
2024-10-16,0.00,14.2
2024-10-17,1.01,13.7
2024-10-18,27.24,9.9
2024-10-19,3.11,5.8
2024-10-20,3.05,11.6
2024-10-21,2.11,8.5
2024-10-22,0.00,8.7
2024-10-23,0.00,10.1
2024-10-24,0.00,10.9
2024-10-25,0.00,9.8
2024-10-26,0.00,9.9
2024-10-27,0.00,11.2
2024-10-28,0.00,10.9
2024-10-29,1.43,11.7
2024-10-30,0.00,4.3
2024-10-31,0.00,2.9
2024-11-01,0.00,3.0
2024-11-02,0.00,3.9
2024-11-03,0.84,6.2
2024-11-04,0.00,3.1
2024-11-05,0.00,1.7
2024-11-06,0.00,0.6
2024-11-07,0.00,1.2
2024-11-08,0.00,2.1
2024-11-09,0.00,2.8
2024-11-10,0.00,4.9
2024-11-11,0.00,4.3
2024-11-12,0.48,3.8
2024-11-13,0.72,1.0
2024-11-14,0.00,0.2
2024-11-15,0.00,1.5
2024-11-16,0.00,2.9
2024-11-17,0.00,0.3
2024-11-18,0.00,-0.1
2024-11-19,0.00,0.6
2024-11-20,0.00,-2.5
2024-11-21,0.00,-2.3
2024-11-22,0.00,-0.2
2024-11-23,0.00,0.8
2024-11-24,0.00,1.5
2024-11-25,0.00,-0.5
2024-11-26,2.18,-2.7
2024-11-27,5.69,-2.3
2024-11-28,0.00,-3.4
2024-11-29,0.00,-6.7
2024-11-30,0.00,-7.1
2024-12-01,0.00,-7.0
2024-12-02,0.00,-5.4
2024-12-03,0.00,-3.2
2024-12-04,0.00,-0.5
2024-12-05,0.00,-0.5
2024-12-06,0.00,-0.6
2024-12-07,0.00,-0.3
2024-12-08,0.00,-0.5
2024-12-09,0.00,-0.1
2024-12-10,0.00,-4.0
2024-12-11,0.00,-4.7
2024-12-12,0.00,-4.8
2024-12-13,0.00,-5.4
2024-12-14,0.00,-3.0
2024-12-15,0.00,-3.7
2024-12-16,0.00,-1.2
2024-12-17,0.00,-1.9
2024-12-18,0.00,-0.3
2024-12-19,0.00,-0.4
2024-12-20,0.00,-0.3
2024-12-21,0.00,-0.2
2024-12-22,0.00,-0.4
2024-12-23,0.00,-0.5
2024-12-24,0.00,2.0
2024-12-25,1.08,0.1
2024-12-26,0.00,0.9
2024-12-27,0.00,-1.3
2024-12-28,5.10,-3.2
2024-12-29,0.00,-2.7
2024-12-30,0.00,-1.1
2024-12-31,0.00,-4.0
2025-01-01,0.00,-5.2
2025-01-02,0.00,-4.4
2025-01-03,0.00,-2.0
2025-01-04,0.00,-1.7
2025-01-05,0.00,-1.1
2025-01-06,0.00,-1.4
2025-01-07,0.00,-2.5
2025-01-08,0.00,-3.4
2025-01-09,0.00,-5.3
2025-01-10,0.00,-4.5
2025-01-11,0.00,-5.2
2025-01-12,0.00,-3.5
2025-01-13,0.00,-4.9
2025-01-14,0.00,-5.7
2025-01-15,0.00,-5.7
2025-01-16,0.00,-5.0
2025-01-17,0.00,-3.8
2025-01-18,0.00,-3.7
2025-01-19,0.00,-9.2
2025-01-20,0.00,-10.1
2025-01-21,0.00,-11.0
2025-01-22,0.00,-10.9
2025-01-23,0.00,-7.1
2025-01-24,0.00,-6.3
2025-01-25,0.00,-7.2
2025-01-26,0.00,-2.4
2025-01-27,0.00,-2.4
2025-01-28,0.00,0.0
2025-01-29,0.00,2.1
2025-01-30,0.00,2.6
2025-01-31,0.00,2.0
2025-02-01,0.00,-0.4
2025-02-02,0.00,2.7
2025-02-03,0.00,3.8
2025-02-04,0.00,8.1
2025-02-05,0.00,8.0
2025-02-06,0.00,6.9
2025-02-07,0.00,6.1
2025-02-08,0.00,6.8
2025-02-09,0.00,0.0
2025-02-10,0.00,-2.9
2025-02-11,0.00,-1.6
2025-02-12,0.00,-3.8
2025-02-13,0.00,-7.5
2025-02-14,3.34,-9.0
2025-02-15,2.11,-1.2
2025-02-16,0.00,-2.3
2025-02-17,0.00,-1.7
2025-02-18,0.00,1.3
2025-02-19,0.00,-0.2
2025-02-20,0.00,-0.6
2025-02-21,0.00,1.7
2025-02-22,0.00,1.5
2025-02-23,0.00,1.3
2025-02-24,0.00,4.3
2025-02-25,0.00,8.1
2025-02-26,0.00,7.2
2025-02-27,0.00,2.0
2025-02-28,0.00,2.5
2025-03-01,0.00,6.4
2025-03-02,0.00,7.9
2025-03-03,0.00,8.4
2025-03-04,1.95,2.7
2025-03-05,0.00,3.2
2025-03-06,6.44,2.9
2025-03-07,6.91,3.1
2025-03-08,0.05,2.4
2025-03-09,0.00,3.3
2025-03-10,0.00,4.6
2025-03-11,0.00,5.8
2025-03-12,0.00,6.9
2025-03-13,0.00,6.6
2025-03-14,4.04,3.9
2025-03-15,0.00,1.2
2025-03-16,0.00,0.9
2025-03-17,0.00,4.3
2025-03-18,0.93,8.1
2025-03-19,0.00,0.1
2025-03-20,0.00,1.5
2025-03-21,0.00,3.2
2025-03-22,0.17,4.4
2025-03-23,0.10,7.0
2025-03-24,0.00,8.4
2025-03-25,0.00,11.0
2025-03-26,0.00,12.9
2025-03-27,0.00,13.9
2025-03-28,0.00,14.0
2025-03-29,0.00,10.7
2025-03-30,0.71,5.9
2025-03-31,0.00,5.2
2025-04-01,0.00,7.8
2025-04-02,0.00,-0.1
2025-04-03,0.00,0.7
2025-04-04,2.71,1.0
2025-04-05,0.63,4.7
2025-04-06,0.00,3.7
2025-04-07,0.00,5.1
2025-04-08,0.00,8.4
2025-04-09,0.00,11.3
2025-04-10,0.00,12.6
2025-04-11,0.00,14.0
2025-04-12,0.00,15.3
2025-04-13,0.00,15.7
2025-04-14,0.00,12.0
2025-04-15,0.00,11.2
2025-04-16,0.00,12.2
2025-04-17,0.00,12.7
2025-04-18,0.00,5.7
2025-04-19,0.63,2.8
2025-04-20,0.00,5.5
2025-04-21,0.00,9.0
2025-04-22,0.00,10.8
2025-04-23,0.00,12.9
2025-04-24,0.00,14.0
2025-04-25,0.00,13.5
2025-04-26,0.00,15.0
2025-04-27,0.00,13.3
2025-04-28,0.00,7.6
2025-04-29,0.00,7.4
2025-04-30,0.00,10.8
2025-05-01,0.00,10.1
2025-05-02,0.00,12.9
2025-05-03,0.00,13.3
2025-05-04,0.00,15.3
2025-05-05,0.84,13.9
2025-05-06,8.45,10.2
2025-05-07,0.00,12.1
2025-05-08,0.00,12.7
2025-05-09,0.00,15.3
2025-05-10,0.00,17.7
2025-05-11,0.00,18.8
2025-05-12,0.00,18.1
2025-05-13,0.00,19.6
2025-05-14,0.00,12.1
2025-05-15,0.00,8.0
2025-05-16,0.00,9.5
2025-05-17,0.00,12.5
2025-05-18,0.00,14.9
2025-05-19,4.62,8.8
2025-05-20,0.00,6.9
2025-05-21,0.00,11.5
2025-05-22,0.00,15.5
2025-05-23,0.00,19.5
2025-05-24,0.00,20.3
2025-05-25,0.00,19.9
2025-05-26,0.34,16.2
2025-05-27,0.00,17.8
2025-05-28,0.00,18.8
2025-05-29,0.00,19.5
2025-05-30,0.00,19.4
2025-05-31,0.00,21.4
2025-06-01,0.00,22.6
2025-06-02,0.00,24.3
2025-06-03,1.15,17.6
2025-06-04,0.00,16.2
2025-06-05,2.44,15.9
2025-06-06,2.55,16.0
2025-06-07,0.00,16.3
2025-06-08,0.00,19.8
2025-06-09,0.00,22.3
2025-06-10,0.00,21.2
2025-06-11,0.00,22.6
2025-06-12,0.00,23.8
2025-06-13,0.00,23.4
2025-06-14,0.00,23.5
2025-06-15,0.00,24.4
2025-06-16,0.00,25.8
2025-06-17,0.00,24.7
2025-06-18,0.00,21.1
2025-06-19,0.00,22.8
2025-06-20,0.00,25.4
2025-06-21,0.00,24.2
2025-06-22,0.00,21.4
2025-06-23,0.00,16.9
2025-06-24,0.00,18.4
2025-06-25,0.00,20.5
2025-06-26,0.00,19.7
2025-06-27,0.00,21.9
2025-06-28,0.00,23.3
2025-06-29,0.00,24.3
2025-06-30,0.00,24.4
2025-07-01,0.00,25.4
2025-07-02,0.00,25.4
2025-07-03,0.00,24.8
2025-07-04,0.77,19.6
2025-07-05,0.69,21.8
2025-07-06,0.00,23.8
2025-07-07,0.00,24.9
2025-07-08,0.00,25.4
2025-07-09,0.00,26.3
2025-07-10,0.00,26.9
2025-07-11,0.00,25.5
2025-07-12,0.00,25.7
2025-07-13,0.00,25.6
2025-07-14,0.00,27.4
2025-07-15,0.00,27.2
2025-07-16,0.00,26.3
2025-07-17,0.00,25.1
2025-07-18,0.07,24.8
2025-07-19,1.18,22.8
2025-07-20,0.00,22.3
2025-07-21,0.00,24.6
2025-07-22,0.40,20.1
2025-07-23,0.00,22.3
2025-07-24,0.00,24.3
2025-07-25,0.00,24.3
2025-07-26,0.00,23.9
2025-07-27,0.00,23.2
2025-07-28,0.00,22.8
2025-07-29,0.00,24.8
2025-07-30,0.00,25.3
2025-07-31,0.00,26.0
2025-08-01,0.00,24.4
2025-08-02,0.00,24.1
2025-08-03,0.00,24.6
2025-08-04,0.00,24.9
2025-08-05,0.00,24.8
2025-08-06,0.00,25.5
2025-08-07,0.00,26.1
2025-08-08,0.00,26.9
2025-08-09,0.00,25.0
2025-08-10,0.00,23.4
2025-08-11,0.00,22.9
2025-08-12,0.00,24.6
2025-08-13,0.00,25.7
2025-08-14,0.00,26.5
2025-08-15,0.37,25.8
2025-08-16,0.00,20.9
2025-08-17,1.20,20.7
2025-08-18,0.00,22.0
2025-08-19,0.00,23.9
2025-08-20,0.00,26.0
2025-08-21,0.00,26.2
2025-08-22,0.00,28.1
2025-08-23,1.39,25.9
2025-08-24,0.76,25.3
2025-08-25,1.50,21.9
2025-08-26,10.42,23.1
2025-08-27,12.20,18.3
2025-08-28,7.13,18.4
2025-08-29,0.39,20.0
2025-08-30,4.61,16.0
2025-08-31,0.00,19.2
2025-09-01,0.00,20.8
2025-09-02,0.00,21.6
2025-09-03,0.00,23.0
2025-09-04,0.00,22.9
2025-09-05,0.00,20.0
2025-09-06,1.91,20.1
2025-09-07,0.78,17.2
2025-09-08,0.00,19.1
2025-09-09,0.00,19.8
2025-09-10,0.00,19.7
2025-09-11,0.00,20.0
2025-09-12,0.00,18.5
2025-09-13,2.98,17.0
2025-09-14,1.57,10.5
2025-09-15,0.00,13.2
2025-09-16,0.00,17.3
2025-09-17,0.00,17.4
2025-09-18,0.00,17.0
2025-09-19,0.00,16.6
2025-09-20,0.00,16.8
2025-09-21,0.36,17.3
2025-09-22,1.17,17.7
2025-09-23,0.00,16.1
2025-09-24,0.00,13.6
2025-09-25,0.00,14.9
2025-09-26,0.00,16.1
2025-09-27,0.00,17.7
2025-09-28,0.43,17.5
2025-09-29,4.41,13.1
2025-09-30,0.00,14.8
2025-10-01,0.99,14.7
2025-10-02,0.00,14.5
2025-10-03,0.00,16.0
2025-10-04,0.00,17.4
2025-10-05,0.75,9.9
2025-10-06,0.00,9.9
2025-10-07,0.00,11.5
2025-10-08,0.00,12.2
2025-10-09,0.00,13.8
2025-10-10,11.55,14.1
2025-10-11,4.51,13.2
2025-10-12,2.22,11.0
2025-10-13,0.83,7.8
2025-10-14,1.17,8.4
2025-10-15,0.00,10.8
2025-10-16,6.02,9.3
2025-10-17,0.68,5.8
2025-10-18,0.00,7.4
2025-10-19,0.00,9.6
2025-10-20,0.00,9.5
2025-10-21,0.00,8.1
2025-10-22,0.00,8.1
2025-10-23,0.23,9.0
2025-10-24,0.00,9.0
2025-10-25,0.00,10.4
2025-10-26,0.00,8.6
2025-10-27,0.00,9.8
2025-10-28,0.00,6.1
2025-10-29,0.00,3.6
2025-10-30,0.00,5.5
2025-10-31,0.00,7.9
2025-11-01,0.00,10.6
2025-11-02,0.00,9.8
2025-11-03,0.00,9.4
2025-11-04,0.00,9.1
2025-11-05,0.00,8.4
2025-11-06,0.00,8.1
2025-11-07,0.00,8.0
2025-11-08,0.00,6.4
2025-11-09,0.00,8.0
2025-11-10,0.00,8.1
2025-11-11,0.00,7.7
2025-11-12,0.00,8.6
2025-11-13,0.00,7.3
2025-11-14,0.00,8.1
2025-11-15,0.00,8.2
2025-11-16,0.00,9.4
2025-11-17,19.22,5.5
2025-11-18,0.69,5.6
2025-11-19,0.73,5.8
2025-11-20,3.55,5.6
2025-11-21,2.43,4.9
2025-11-22,0.00,5.3
2025-11-23,0.00,4.8
2025-11-24,0.00,5.3
2025-11-25,0.00,4.9
2025-11-26,0.00,4.1
2025-11-27,0.00,3.1
2025-11-28,0.00,3.3
2025-11-29,0.00,2.8
2025-11-30,0.00,3.4
2025-12-01,0.00,0.7
2025-12-02,0.00,-0.3
2025-12-03,1.73,-1.3
2025-12-04,0.00,-0.5
2025-12-05,0.00,-1.2
2025-12-06,0.00,0.6
2025-12-07,0.00,2.5
2025-12-08,0.00,2.0
2025-12-09,0.00,1.7
2025-12-10,0.00,2.1
2025-12-11,0.00,4.3
2025-12-12,0.00,4.6
2025-12-13,0.00,3.6
2025-12-14,0.00,2.8
2025-12-15,0.00,2.1
2025-12-16,0.00,3.2
2025-12-17,0.00,2.0
2025-12-18,0.00,1.8
2025-12-19,0.00,2.7
2025-12-20,0.00,3.6
2025-12-21,0.00,6.4
2025-12-22,0.00,4.8
2025-12-23,0.00,5.2
2025-12-24,0.00,4.9
2025-12-25,2.70,2.9
2025-12-26,6.38,6.9
2025-12-27,0.45,3.8
2025-12-28,0.00,2.4
2025-12-29,0.00,-2.5
2025-12-30,0.00,-2.1
2025-12-31,0.00,-0.6
2026-01-01,0.00,0.5
